"id";"country_name";"city";"jan";"feb";"mar";"apr";"may";"jun";"jul";"aug";"sep";"oct";"nov";"dec"
"1";"Egypt";"Cairo";"13.6 (56.5)";"14.9 (58.8)";"16.9 (62.4)";"21.2 (70.2)";"24.5 (76.1)";"27.3 (81.1)";"27.6 (81.7)";"27.4 (81.3)";"26 (79)";"23.3 (73.9)";"18.9 (66.0)";"15 (59)"
"2";"Egypt";"Alexandria";"13.4 (56.1)";"13.9 (57.0)";"15.7 (60.3)";"18.5 (65.3)";"21.2 (70.2)";"24.3 (75.7)";"25.9 (78.6)";"26.3 (79.3)";"25.1 (77.2)";"22.0 (71.6)";"18.7 (65.7)";"14.9 (58.8)"
"3";"Kenya";"Mombasa";"27.6 (81.7)";"28.1 (82.6)";"28.3 (82.9)";"27.6 (81.7)";"26.2 (79.2)";"24.8 (76.6)";"24.0 (75.2)";"24.0 (75.2)";"24.7 (76.5)";"25.7 (78.3)";"26.9 (80.4)";"27.4 (81.3)"
"4";"Kenya";"Nairobi";"18.0 (64.4)";"18.8 (65.8)";"19.4 (66.9)";"19.2 (66.6)";"17.8 (64.0)";"16.3 (61.3)";"15.6 (60.1)";"15.9 (60.6)";"17.3 (63.1)";"18.5 (65.3)";"18.4 (65.1)";"18.1 (64.6)"
"5";"Kenya";"Garissa";"29.7 (85.5)";"30.6 (87.1)";"31.4 (88.5)";"30.7 (87.3)";"29.6 (85.3)";"27.9 (82.2)";"27.4 (81.3)";"27.6 (81.7)";"28.4 (83.1)";"29.7 (85.5)";"29.9 (85.8)";"29.2 (84.6)"
"6";"Kenya";"Lodwar";"28.7 (83.7)";"29.6 (85.3)";"30.1 (86.2)";"29.6 (85.3)";"29.7 (85.5)";"29.1 (84.4)";"28.4 (83.1)";"28.7 (83.7)";"29.6 (85.3)";"30.1 (86.2)";"29.1 (84.4)";"28.5 (83.3)"
"7";"Madagascar";"Fianarantsoa";"20.8 (69.4)";"20.8 (69.4)";"20.0 (68.0)";"18.9 (66.0)";"16.7 (62.1)";"14.5 (58.1)";"14.0 (57.2)";"14.4 (57.9)";"16.2 (61.2)";"18.3 (64.9)";"19.7 (67.5)";"20.4 (68.7)"
"8";"Madagascar";"Toamasina";"26.0 (78.8)";"26.1 (79.0)";"25.5 (77.9)";"24.6 (76.3)";"22.9 (73.2)";"21.1 (70.0)";"20.4 (68.7)";"20.5 (68.9)";"21.3 (70.3)";"22.7 (72.9)";"24.3 (75.7)";"25.5 (77.9)"
"9";"Madagascar";"Antananarivo";"20.5 (68.9)";"20.7 (69.3)";"20.1 (68.2)";"19.2 (66.6)";"16.8 (62.2)";"14.6 (58.3)";"14.1 (57.4)";"14.5 (58.1)";"16.3 (61.3)";"18.5 (65.3)";"19.7 (67.5)";"20.2 (68.4)"
"10";"Madagascar";"Antsiranana";"26.0 (78.8)";"26.0 (78.8)";"26.2 (79.2)";"26.3 (79.3)";"25.4 (77.7)";"24.1 (75.4)";"23.5 (74.3)";"23.4 (74.1)";"24.1 (75.4)";"25.2 (77.4)";"26.3 (79.3)";"26.5 (79.7)"
"11";"Madagascar";"Mahajanga";"27.1 (80.8)";"27.2 (81.0)";"27.5 (81.5)";"27.4 (81.3)";"26.1 (79.0)";"24.6 (76.3)";"24.2 (75.6)";"24.6 (76.3)";"25.4 (77.7)";"26.8 (80.2)";"27.7 (81.9)";"27.4 (81.3)"
"12";"Madagascar";"Toliara";"27.5 (81.5)";"27.5 (81.5)";"26.8 (80.2)";"25.0 (77.0)";"22.7 (72.9)";"20.7 (69.3)";"20.3 (68.5)";"21.0 (69.8)";"22.3 (72.1)";"23.9 (75.0)";"25.3 (77.5)";"26.6 (79.9)"
"13";"Morocco";"Rabat";"12.6 (54.7)";"13.1 (55.6)";"14.2 (57.6)";"15.2 (59.4)";"17.4 (63.3)";"19.8 (67.6)";"22.2 (72.0)";"22.4 (72.3)";"21.5 (70.7)";"19.0 (66.2)";"15.9 (60.6)";"13.2 (55.8)"
"14";"Morocco";"Marrakesh";"12.2 (54.0)";"13.8 (56.8)";"15.8 (60.4)";"17.3 (63.1)";"20.6 (69.1)";"23.8 (74.8)";"28.3 (82.9)";"28.3 (82.9)";"25.3 (77.5)";"21.1 (70.0)";"16.3 (61.3)";"12.6 (54.7)"
"15";"Morocco";"Ouarzazate";"9.3 (48.7)";"11.9 (53.4)";"14.8 (58.6)";"17.6 (63.7)";"21.7 (71.1)";"25.9 (78.6)";"29.5 (85.1)";"28.8 (83.8)";"24.6 (76.3)";"19.4 (66.9)";"13.7 (56.7)";"9.5 (49.1)"
"16";"South Africa";"Pretoria";"22.6 (72.7)";"22.1 (71.8)";"21.0 (69.8)";"17.9 (64.2)";"14.7 (58.5)";"11.5 (52.7)";"11.9 (53.4)";"14.7 (58.5)";"18.6 (65.5)";"20.1 (68.2)";"21.0 (69.8)";"21.9 (71.4)"
"17";"South Africa";"Cape Town";"20.4 (68.7)";"20.4 (68.7)";"19.2 (66.6)";"16.9 (62.4)";"14.4 (57.9)";"12.5 (54.5)";"11.9 (53.4)";"12.4 (54.3)";"13.7 (56.7)";"15.6 (60.1)";"17.9 (64.2)";"19.5 (67.1)"
"18";"South Africa";"Johannesburg";"19.5 (67.1)";"19.0 (66.2)";"18.0 (64.4)";"15.3 (59.5)";"12.6 (54.7)";"9.6 (49.3)";"10.0 (50.0)";"12.5 (54.5)";"15.9 (60.6)";"17.1 (62.8)";"17.9 (64.2)";"19.0 (66.2)"
"19";"South Africa";"Bloemfontein";"22.8 (73.0)";"21.4 (70.5)";"19.2 (66.6)";"14.9 (58.8)";"10.7 (51.3)";"6.9 (44.4)";"7.2 (45.0)";"10.1 (50.2)";"14.6 (58.3)";"17.5 (63.5)";"19.9 (67.8)";"21.9 (71.4)"
"20";"South Africa";"Upington";"27.8 (82.0)";"26.9 (80.4)";"24.7 (76.5)";"20.2 (68.4)";"15.7 (60.3)";"12.1 (53.8)";"11.9 (53.4)";"14.0 (57.2)";"18.1 (64.6)";"21.4 (70.5)";"24.7 (76.5)";"26.9 (80.4)"
"21";"South Africa";"Durban";"24.1 (75.4)";"24.3 (75.7)";"23.7 (74.7)";"21.6 (70.9)";"19.1 (66.4)";"16.6 (61.9)";"16.5 (61.7)";"17.7 (63.9)";"19.2 (66.6)";"20.1 (68.2)";"21.4 (70.5)";"23.1 (73.6)"
"22";"Tanzania";"Dar es Salaam";"27.4 (81.3)";"27.7 (81.9)";"27.4 (81.3)";"26.5 (79.7)";"25.5 (77.9)";"24.2 (75.6)";"23.5 (74.3)";"23.7 (74.7)";"24.3 (75.7)";"25.3 (77.5)";"26.3 (79.3)";"27.3 (81.1)"
"23";"Tanzania";"Zanzibar City";"28 (82)";"28 (82)";"28 (82)";"27 (81)";"25 (77)";"25 (77)";"24 (75)";"25 (77)";"25 (77)";"26 (79)";"27 (81)";"27 (81)"
"24";"Tanzania";"Tabora";"22 (72)";"22 (72)";"22 (72)";"22 (72)";"22 (72)";"21 (70)";"21 (70)";"22 (72)";"24 (75)";"25 (77)";"24 (75)";"22 (72)"
"25";"Tanzania";"Dodoma";"23.8 (74.8)";"23.0 (73.4)";"23.5 (74.3)";"22.8 (73.0)";"22.1 (71.8)";"21.4 (70.5)";"19.8 (67.6)";"20.5 (68.9)";"22.3 (72.1)";"23.8 (74.8)";"25.1 (77.2)";"24.6 (76.3)"
"26";"Cambodia";"Phnom Penh";"26.6 (79.9)";"28.0 (82.4)";"29.4 (84.9)";"30.2 (86.4)";"30.0 (86.0)";"29.2 (84.6)";"28.7 (83.7)";"28.5 (83.3)";"28.2 (82.8)";"27.2 (81.0)";"27.1 (80.8)";"26.3 (79.3)"
"27";"China";"Beijing";"-3.1 (26.4)";"0.3 (32.5)";"6.7 (44.1)";"14.8 (58.6)";"20.8 (69.4)";"24.9 (76.8)";"26.7 (80.1)";"25.5 (77.9)";"20.8 (69.4)";"13.7 (56.7)";"5.0 (41.0)";"-0.9 (30.4)"
"28";"China";"Changsha";"4.9 (40.8)";"7.2 (45.0)";"11.2 (52.2)";"17.4 (63.3)";"22.4 (72.3)";"25.8 (78.4)";"29.2 (84.6)";"28.3 (82.9)";"23.9 (75.0)";"18.4 (65.1)";"12.8 (55.0)";"7.3 (45.1)"
"29";"China";"Chongqing";"8.0 (46.4)";"10.1 (50.2)";"14.0 (57.2)";"18.8 (65.8)";"22.8 (73.0)";"25.3 (77.5)";"28.5 (83.3)";"28.6 (83.5)";"24.3 (75.7)";"18.7 (65.7)";"14.3 (57.7)";"9.3 (48.7)"
"30";"China";"Guangzhou";"13.9 (57.0)";"15.2 (59.4)";"18.1 (64.6)";"22.4 (72.3)";"25.8 (78.4)";"27.8 (82.0)";"28.9 (84.0)";"28.8 (83.8)";"27.5 (81.5)";"24.7 (76.5)";"20.1 (68.2)";"15.5 (59.9)"
"31";"China";"Harbin";"-17.6 (0.3)";"-12.1 (10.2)";"-2.7 (27.1)";"7.7 (45.9)";"15.4 (59.7)";"21.4 (70.5)";"23.3 (73.9)";"21.8 (71.2)";"15.4 (59.7)";"6.8 (44.2)";"-4.6 (23.7)";"-14.4 (6.1)"
"32";"China";"Kunming";"9.1 (48.4)";"11.4 (52.5)";"14.5 (58.1)";"17.7 (63.9)";"19.4 (66.9)";"20.5 (68.9)";"20.3 (68.5)";"20.0 (68.0)";"18.5 (65.3)";"16.0 (60.8)";"12.3 (54.1)";"9.2 (48.6)"
"33";"China";"Lhasa";"-2.1 (28.2)";"1.1 (34.0)";"4.6 (40.3)";"8.1 (46.6)";"11.9 (53.4)";"15.5 (59.9)";"15.3 (59.5)";"14.5 (58.1)";"12.8 (55.0)";"8.1 (46.6)";"2.2 (36.0)";"-1.7 (28.9)"
"34";"China";"Shanghai";"4.6 (40.3)";"6.1 (43.0)";"9.6 (49.3)";"15.1 (59.2)";"20.3 (68.5)";"24.1 (75.4)";"28.4 (83.1)";"28.1 (82.6)";"24.4 (75.9)";"19.3 (66.7)";"13.4 (56.1)";"7.1 (44.8)"
"35";"China";"Urumqi";"-12.1 (10.2)";"-9.3 (15.3)";"-0.5 (31.1)";"10.4 (50.7)";"17 (63)";"21.8 (71.2)";"23.9 (75.0)";"22.7 (72.9)";"17 (63)";"8.4 (47.1)";"-1.5 (29.3)";"-9.4 (15.1)"
"36";"China";"Xi'an";"0.3 (32.5)";"3.6 (38.5)";"8.7 (47.7)";"15.4 (59.7)";"20.5 (68.9)";"25.3 (77.5)";"27.0 (80.6)";"25.1 (77.2)";"20.3 (68.5)";"14.1 (57.4)";"7.0 (44.6)";"1.5 (34.7)"
"37";"China";"Yinchuan";"-7.9 (17.8)";"-3.8 (25.2)";"3.2 (37.8)";"11.2 (52.2)";"17.3 (63.1)";"21.5 (70.7)";"23.5 (74.3)";"21.6 (70.9)";"16.3 (61.3)";"9.2 (48.6)";"1.4 (34.5)";"-5.5 (22.1)"
"38";"India";"New Delhi";"13.8 (56.8)";"16.5 (61.7)";"22.1 (71.8)";"28.7 (83.7)";"32.8 (91.0)";"34 (93)";"30.9 (87.6)";"29.7 (85.5)";"29 (84)";"26.1 (79.0)";"20.5 (68.9)";"15.3 (59.5)"
"39";"India";"Kolkata";"20.1 (68.2)";"22.8 (73.0)";"27.6 (81.7)";"30.5 (86.9)";"31.3 (88.3)";"30.4 (86.7)";"29.1 (84.4)";"28.8 (83.8)";"28.8 (83.8)";"27.5 (81.5)";"23.7 (74.7)";"20.3 (68.5)"
"40";"India";"Mumbai";"23.7 (74.7)";"24.5 (76.1)";"26.8 (80.2)";"28.4 (83.1)";"29.9 (85.8)";"29.2 (84.6)";"27.6 (81.7)";"27.2 (81.0)";"27.3 (81.1)";"28.3 (82.9)";"27.2 (81.0)";"25.2 (77.4)"
"41";"Indonesia";"Jakarta";"26.1 (79.0)";"26.1 (79.0)";"26.4 (79.5)";"27.0 (80.6)";"27.2 (81.0)";"26.7 (80.1)";"26.4 (79.5)";"26.7 (80.1)";"27.0 (80.6)";"27.2 (81.0)";"27.0 (80.6)";"26.4 (79.5)"
"42";"Indonesia";"Denpasar";"24.1 (75.4)";"24.2 (75.6)";"24.0 (75.2)";"24.8 (76.6)";"24.1 (75.4)";"23.5 (74.3)";"22.5 (72.5)";"22.9 (73.2)";"23.0 (73.4)";"23.7 (74.7)";"23.5 (74.3)";"23.5 (74.3)"
"43";"Indonesia";"Jayapura";"27.1 (80.8)";"26.9 (80.4)";"27.1 (80.8)";"27.3 (81.1)";"27.2 (81.0)";"26.9 (80.4)";"26.4 (79.5)";"26.6 (79.9)";"26.9 (80.4)";"27.2 (81.0)";"27.3 (81.1)";"27.0 (80.6)"
"44";"Indonesia";"Makassar";"26.0 (78.8)";"26.3 (79.3)";"27.4 (81.3)";"27.6 (81.7)";"26.9 (80.4)";"26.0 (78.8)";"25.6 (78.1)";"26.0 (78.8)";"26.7 (80.1)";"27.5 (81.5)";"27.7 (81.9)";"26.1 (79.0)"
"45";"Indonesia";"Medan";"25.6 (78.1)";"26.1 (79.0)";"26.7 (80.1)";"27.2 (81.0)";"27.3 (81.1)";"27.1 (80.8)";"27.0 (80.6)";"26.9 (80.4)";"26.6 (79.9)";"26.1 (79.0)";"26.0 (78.8)";"25.8 (78.4)"
"46";"Indonesia";"Palembang";"26.8 (80.2)";"27.1 (80.8)";"27.2 (81.0)";"27.7 (81.9)";"28.0 (82.4)";"27.4 (81.3)";"27.0 (80.6)";"27.2 (81.0)";"27.5 (81.5)";"27.7 (81.9)";"27.4 (81.3)";"27.0 (80.6)"
"47";"Indonesia";"Pontianak";"26.9 (80.4)";"27.9 (82.2)";"28.2 (82.8)";"28.1 (82.6)";"28.0 (82.4)";"27.8 (82.0)";"27.5 (81.5)";"27.8 (82.0)";"28.3 (82.9)";"27.7 (81.9)";"27.3 (81.1)";"27.2 (81.0)"
"48";"Indonesia";"Surabaya";"26.8 (80.2)";"26.8 (80.2)";"27.0 (80.6)";"27.3 (81.1)";"27.3 (81.1)";"26.7 (80.1)";"26.2 (79.2)";"26.5 (79.7)";"27.2 (81.0)";"28.2 (82.8)";"28.3 (82.9)";"27.3 (81.1)"
"49";"Japan";"Sapporo";"-3.6 (25.5)";"-3.1 (26.4)";"0.6 (33.1)";"7.1 (44.8)";"12.4 (54.3)";"16.7 (62.1)";"20.5 (68.9)";"22.3 (72.1)";"18.1 (64.6)";"11.8 (53.2)";"4.9 (40.8)";"-0.9 (30.4)"
"50";"Japan";"Niigata";"2.8 (37.0)";"2.9 (37.2)";"5.8 (42.4)";"11.5 (52.7)";"16.5 (61.7)";"20.7 (69.3)";"24.5 (76.1)";"26.6 (79.9)";"22.5 (72.5)";"16.4 (61.5)";"10.5 (50.9)";"5.6 (42.1)"
"51";"Japan";"Tokyo";"5.2 (41.4)";"5.7 (42.3)";"8.7 (47.7)";"13.9 (57.0)";"18.2 (64.8)";"21.4 (70.5)";"25.0 (77.0)";"26.4 (79.5)";"22.8 (73.0)";"17.5 (63.5)";"12.1 (53.8)";"7.6 (45.7)"
"52";"Japan";"Kyoto";"4.6 (40.3)";"5.1 (41.2)";"8.4 (47.1)";"14.2 (57.6)";"19.0 (66.2)";"23.0 (73.4)";"26.8 (80.2)";"28.2 (82.8)";"24.1 (75.4)";"17.8 (64.0)";"12.1 (53.8)";"7.0 (44.6)"
"53";"Japan";"Hiroshima";"5.2 (41.4)";"6.0 (42.8)";"9.1 (48.4)";"14.7 (58.5)";"19.3 (66.7)";"23.0 (73.4)";"27.1 (80.8)";"28.2 (82.8)";"24.4 (75.9)";"18.3 (64.9)";"12.5 (54.5)";"7.5 (45.5)"
"54";"Japan";"Fukuoka";"6.6 (43.9)";"7.4 (45.3)";"10.4 (50.7)";"15.1 (59.2)";"19.4 (66.9)";"23.0 (73.4)";"27.2 (81.0)";"28.1 (82.6)";"24.4 (75.9)";"19.2 (66.6)";"13.8 (56.8)";"8.9 (48.0)"
"55";"Japan";"Naha";"17.0 (62.6)";"17.1 (62.8)";"18.9 (66.0)";"21.4 (70.5)";"24.0 (75.2)";"26.8 (80.2)";"28.9 (84.0)";"28.7 (83.7)";"27.6 (81.7)";"25.2 (77.4)";"22.1 (71.8)";"18.7 (65.7)"
"56";"Maldives";"Male";"27.7 (81.9)";"28.0 (82.4)";"28.5 (83.3)";"28.9 (84.0)";"28.6 (83.5)";"28.2 (82.8)";"28.0 (82.4)";"27.8 (82.0)";"27.6 (81.7)";"27.6 (81.7)";"27.7 (81.9)";"27.5 (81.5)"
"57";"Thailand";"Bangkok";"27.0 (80.6)";"28.3 (82.9)";"29.5 (85.1)";"30.5 (86.9)";"29.9 (85.8)";"29.5 (85.1)";"29.0 (84.2)";"28.8 (83.8)";"28.3 (82.9)";"28.1 (82.6)";"27.8 (82.0)";"26.5 (79.7)"
"58";"Thailand";"Chiang Mai";"21.5 (70.7)";"23.9 (75.0)";"27.1 (80.8)";"29.3 (84.7)";"28.2 (82.8)";"27.6 (81.7)";"27.2 (81.0)";"26.8 (80.2)";"26.7 (80.1)";"26.1 (79.0)";"24.0 (75.2)";"21.4 (70.5)"
"59";"Thailand";"Hat Yai";"26.0 (78.8)";"26.7 (80.1)";"27.6 (81.7)";"28.0 (82.4)";"27.8 (82.0)";"27.7 (81.9)";"27.4 (81.3)";"27.4 (81.3)";"26.9 (80.4)";"26.5 (79.7)";"26.0 (78.8)";"25.6 (78.1)"
"60";"Thailand";"Nakhon Ratchasima";"24.3 (75.7)";"26.9 (80.4)";"28.9 (84.0)";"30.0 (86.0)";"29.1 (84.4)";"29.1 (84.4)";"28.6 (83.5)";"28.1 (82.6)";"27.4 (81.3)";"26.7 (80.1)";"25.4 (77.7)";"23.6 (74.5)"
"61";"Nepal";"Kathmandu";"10.0 (50.0)";"11.9 (53.4)";"16.1 (61.0)";"19.2 (66.6)";"21.8 (71.2)";"23.8 (74.8)";"24.1 (75.4)";"24.1 (75.4)";"23.3 (73.9)";"19.1 (66.4)";"14.8 (58.6)";"11.3 (52.3)"
"62";"Turkey";"Ankara";"0.4 (32.7)";"1.9 (35.4)";"6.0 (42.8)";"11.3 (52.3)";"16.1 (61.0)";"20.1 (68.2)";"23.6 (74.5)";"23.4 (74.1)";"18.8 (65.8)";"13.0 (55.4)";"7.0 (44.6)";"2.6 (36.7)"
"63";"Turkey";"Erzurum";"-10.2 (13.6)";"-8.7 (16.3)";"-2.7 (27.1)";"5.1 (41.2)";"10.2 (50.4)";"14.1 (57.4)";"18.4 (65.1)";"18.7 (65.7)";"13.9 (57.0)";"7.5 (45.5)";"0.4 (32.7)";"-6.7 (19.9)"
"64";"Turkey";"Izmir";"8.9 (48.0)";"9.5 (49.1)";"11.7 (53.1)";"15.9 (60.6)";"20.8 (69.4)";"25.6 (78.1)";"28.0 (82.4)";"27.7 (81.9)";"23.7 (74.7)";"18.8 (65.8)";"14.0 (57.2)";"10.6 (51.1)"
"65";"Vietnam";"Da Lat";"15.8 (60.4)";"16.7 (62.1)";"17.8 (64.0)";"18.9 (66.0)";"19.3 (66.7)";"19.0 (66.2)";"18.6 (65.5)";"18.5 (65.3)";"18.4 (65.1)";"18.1 (64.6)";"17.3 (63.1)";"16.2 (61.2)"
"66";"Vietnam";"Da Nang";"21.5 (70.7)";"22.3 (72.1)";"24.2 (75.6)";"26.4 (79.5)";"28.3 (82.9)";"29.2 (84.6)";"29.3 (84.7)";"29.0 (84.2)";"27.5 (81.5)";"25.9 (78.6)";"24.1 (75.4)";"22.1 (71.8)"
"67";"Vietnam";"Hanoi";"16.4 (61.5)";"17.2 (63.0)";"20.0 (68.0)";"23.9 (75.0)";"27.4 (81.3)";"28.9 (84.0)";"29.2 (84.6)";"28.6 (83.5)";"27.5 (81.5)";"24.9 (76.8)";"21.5 (70.7)";"18.2 (64.8)"
"68";"Vietnam";"Ho Chi Minh City";"26.0 (78.8)";"26.8 (80.2)";"28.0 (82.4)";"29.2 (84.6)";"28.8 (83.8)";"27.8 (82.0)";"27.5 (81.5)";"27.4 (81.3)";"27.2 (81.0)";"27.0 (80.6)";"26.7 (80.1)";"26.0 (78.8)"
"69";"Belgium";"Brussels";"3.3 (37.9)";"3.7 (38.7)";"6.8 (44.2)";"9.8 (49.6)";"13.6 (56.5)";"16.2 (61.2)";"18.4 (65.1)";"18.0 (64.4)";"14.9 (58.8)";"11.1 (52.0)";"6.8 (44.2)";"3.9 (39.0)"
"70";"Croatie";"Zagreb";"0.3 (32.5)";"2.3 (36.1)";"6.4 (43.5)";"10.7 (51.3)";"15.8 (60.4)";"18.8 (65.8)";"20.6 (69.1)";"20.1 (68.2)";"15.9 (60.6)";"10.5 (50.9)";"5.0 (41.0)";"1.4 (34.5)"
"71";"Croatie";"Split";"8.0 (46.4)";"8.4 (47.1)";"10.6 (51.1)";"13.7 (56.7)";"18.9 (66.0)";"22.8 (73.0)";"25.7 (78.3)";"25.4 (77.7)";"21.2 (70.2)";"16.8 (62.2)";"12.0 (53.6)";"9.1 (48.4)"
"72";"Czech Republic";"Prague";"-1.4 (29.5)";"-0.4 (31.3)";"3.6 (38.5)";"8.4 (47.1)";"13.4 (56.1)";"16.1 (61.0)";"18.2 (64.8)";"17.8 (64.0)";"13.5 (56.3)";"8.5 (47.3)";"3.1 (37.6)";"-0.3 (31.5)"
"73";"Denmark";"Copenhagen";"1.4 (34.5)";"1.4 (34.5)";"3.5 (38.3)";"7.7 (45.9)";"12.5 (54.5)";"15.6 (60.1)";"18.1 (64.6)";"17.7 (63.9)";"13.9 (57.0)";"9.8 (49.6)";"5.5 (41.9)";"2.5 (36.5)"
"74";"Finland";"Helsinki";"-3.9 (25.0)";"-4.7 (23.5)";"-1.3 (29.7)";"3.9 (39.0)";"10.2 (50.4)";"14.6 (58.3)";"17.8 (64.0)";"16.3 (61.3)";"11.5 (52.7)";"6.6 (43.9)";"1.6 (34.9)";"-2.0 (28.4)"
"75";"Finland";"Kuopio";"-9.2 (15.4)";"-9.2 (15.4)";"-4.1 (24.6)";"2.0 (35.6)";"9.1 (48.4)";"14.5 (58.1)";"17.5 (63.5)";"15.0 (59.0)";"9.7 (49.5)";"4.1 (39.4)";"-2.0 (28.4)";"-6.7 (19.9)"
"76";"Finland";"Oulu";"-9.6 (14.7)";"-9.3 (15.3)";"-4.8 (23.4)";"1.4 (34.5)";"7.8 (46.0)";"13.5 (56.3)";"16.5 (61.7)";"14.1 (57.4)";"8.9 (48.0)";"3.3 (37.9)";"-2.8 (27.0)";"-7.1 (19.2)"
"77";"France";"Marseille";"8.4 (47.1)";"8.9 (48.0)";"11.6 (52.9)";"13.8 (56.8)";"17.9 (64.2)";"21.3 (70.3)";"24.5 (76.1)";"24.1 (75.4)";"20.7 (69.3)";"16.9 (62.4)";"11.8 (53.2)";"9.3 (48.7)"
"78";"France";"Paris";"4.9 (40.8)";"5.6 (42.1)";"8.8 (47.8)";"11.4 (52.5)";"15.1 (59.2)";"18.2 (64.8)";"20.4 (68.7)";"20.2 (68.4)";"16.9 (62.4)";"12.9 (55.2)";"8.1 (46.6)";"5.4 (41.7)"
"79";"Greece";"Piraeus";"11.1 (52.0)";"11.2 (52.2)";"13.3 (55.9)";"16.9 (62.4)";"21.4 (70.5)";"26.3 (79.3)";"29.0 (84.2)";"28.8 (83.8)";"25.2 (77.4)";"20.6 (69.1)";"15.8 (60.4)";"12.6 (54.7)"
"80";"Iceland";"Reykjavik";"-0.5 (31.1)";"0.4 (32.7)";"0.5 (32.9)";"2.9 (37.2)";"6.3 (43.3)";"9.0 (48.2)";"10.6 (51.1)";"10.3 (50.5)";"7.4 (45.3)";"4.4 (39.9)";"1.1 (34.0)";"-0.2 (31.6)"
"81";"UK, Ireland";"Dublin";"5.3 (41.5)";"5.3 (41.5)";"6.8 (44.2)";"8.3 (46.9)";"10.9 (51.6)";"13.6 (56.5)";"15.6 (60.1)";"15.3 (59.5)";"13.4 (56.1)";"10.5 (50.9)";"7.4 (45.3)";"5.6 (42.1)"
"82";"Italy";"Milan";"2.5 (36.5)";"4.7 (40.5)";"9.0 (48.2)";"12.2 (54.0)";"17.0 (62.6)";"20.8 (69.4)";"23.6 (74.5)";"23.0 (73.4)";"19.2 (66.6)";"13.4 (56.1)";"7.2 (45.0)";"3.3 (37.9)"
"83";"Italy";"Palermo";"12.5 (54.5)";"12.6 (54.7)";"13.5 (56.3)";"15.7 (60.3)";"18.9 (66.0)";"22.4 (72.3)";"25.6 (78.1)";"26.2 (79.2)";"24.1 (75.4)";"20.3 (68.5)";"16.8 (62.2)";"13.7 (56.7)"
"84";"Italy";"Rome";"7.5 (45.5)";"8.2 (46.8)";"10.2 (50.4)";"12.6 (54.7)";"17.2 (63.0)";"21.1 (70.0)";"24.1 (75.4)";"24.5 (76.1)";"20.8 (69.4)";"16.4 (61.5)";"11.4 (52.5)";"8.4 (47.1)"
"85";"Italy";"Napoli";"8.7 (47.7)";"8.8 (47.8)";"11.1 (52.0)";"13.2 (55.8)";"17.8 (64.0)";"21.4 (70.5)";"24.3 (75.7)";"24.7 (76.5)";"21.4 (70.5)";"17.1 (62.8)";"12.4 (54.3)";"9.8 (49.6)"
"86";"Netherlands";"Amsterdam";"3.4 (38.1)";"3.5 (38.3)";"6.1 (43.0)";"9.1 (48.4)";"12.9 (55.2)";"15.4 (59.7)";"17.6 (63.7)";"17.5 (63.5)";"14.7 (58.5)";"11.0 (51.8)";"7.1 (44.8)";"4.0 (39.2)"
"87";"Norway";"Bergen";"1.5 (34.7)";"1.6 (34.9)";"3.3 (37.9)";"5.9 (42.6)";"10.5 (50.9)";"13.5 (56.3)";"14.5 (58.1)";"14.4 (57.9)";"11.5 (52.7)";"8.7 (47.7)";"4.7 (40.5)";"2.6 (36.7)"
"88";"Norway";"Oslo";"-4.3 (24.3)";"-4.0 (24.8)";"-0.2 (31.6)";"4.5 (40.1)";"10.8 (51.4)";"15.2 (59.4)";"16.4 (61.5)";"15.2 (59.4)";"10.8 (51.4)";"6.3 (43.3)";"0.7 (33.3)";"-3.1 (26.4)"
"89";"Norway";"Tromso";"-3.8 (25.2)";"-3.7 (25.3)";"-2.3 (27.9)";"0.7 (33.3)";"5.1 (41.2)";"9.2 (48.6)";"11.8 (53.2)";"10.9 (51.6)";"6.9 (44.4)";"3.2 (37.8)";"-0.6 (30.9)";"-2.7 (27.1)"
"90";"Portugal";"Lisbon";"11.6 (52.9)";"12.7 (54.9)";"14.9 (58.8)";"15.9 (60.6)";"18.0 (64.4)";"21.2 (70.2)";"23.1 (73.6)";"23.5 (74.3)";"22.1 (71.8)";"18.8 (65.8)";"15.0 (59.0)";"12.4 (54.3)"
"91";"Spain";"Barcelona";"11.8 (53.2)";"12.4 (54.3)";"14.2 (57.6)";"15.8 (60.4)";"19.3 (66.7)";"23.0 (73.4)";"25.7 (78.3)";"26.1 (79.0)";"23.0 (73.4)";"19.5 (67.1)";"14.9 (58.8)";"12.3 (54.1)"
"92";"Spain";"Las Palmas de Gran Canaria";"18.1 (64.6)";"18.4 (65.1)";"19.3 (66.7)";"19.5 (67.1)";"20.5 (68.9)";"22.2 (72.0)";"23.8 (74.8)";"24.6 (76.3)";"24.3 (75.7)";"23.1 (73.6)";"21.2 (70.2)";"19.3 (66.7)"
"93";"Spain";"Madrid";"6.3 (43.3)";"7.9 (46.2)";"11.2 (52.2)";"12.9 (55.2)";"16.7 (62.1)";"22.2 (72.0)";"25.6 (78.1)";"25.1 (77.2)";"20.9 (69.6)";"15.1 (59.2)";"9.9 (49.8)";"6.9 (44.4)"
"94";"Spain";"Seville";"11.0 (51.8)";"12.5 (54.5)";"15.6 (60.1)";"17.3 (63.1)";"20.7 (69.3)";"25.1 (77.2)";"28.2 (82.8)";"27.9 (82.2)";"25.0 (77.0)";"20.2 (68.4)";"15.1 (59.2)";"11.9 (53.4)"
"95";"Spain";"Valencia";"11.8 (53.2)";"12.5 (54.5)";"14.6 (58.3)";"16.2 (61.2)";"19.0 (66.2)";"22.9 (73.2)";"25.6 (78.1)";"26.1 (79.0)";"23.5 (74.3)";"19.7 (67.5)";"15.3 (59.5)";"12.6 (54.7)"
"96";"Sweden";"Stockholm";"-2.8 (27.0)";"-3.0 (26.6)";"0.1 (32.2)";"4.6 (40.3)";"10.7 (51.3)";"15.6 (60.1)";"17.2 (63.0)";"16.2 (61.2)";"11.9 (53.4)";"7.5 (45.5)";"2.6 (36.7)";"-1.0 (30.2)"
"97";"Turkey";"Istanbul";"5.7 (42.3)";"5.7 (42.3)";"7.0 (44.6)";"11.1 (52.0)";"15.7 (60.3)";"20.4 (68.7)";"22.9 (73.2)";"23.1 (73.6)";"19.8 (67.6)";"15.6 (60.1)";"11.5 (52.7)";"8.0 (46.4)"
"98";"UK, Ireland";"Edinburgh";"4.2 (39.6)";"4.5 (40.1)";"6.2 (43.2)";"8.1 (46.6)";"10.8 (51.4)";"13.5 (56.3)";"15.3 (59.5)";"15.2 (59.4)";"13.0 (55.4)";"9.8 (49.6)";"6.7 (44.1)";"4.2 (39.6)"
"99";"UK, Ireland";"London";"4.3 (39.7)";"4.5 (40.1)";"6.9 (44.4)";"8.7 (47.7)";"12.1 (53.8)";"15.1 (59.2)";"17.3 (63.1)";"17.0 (62.6)";"14.3 (57.7)";"10.9 (51.6)";"7.2 (45.0)";"4.7 (40.5)"
"100";"Canada";"Calgary";"-7.1 (19.2)";"-5.4 (22.3)";"-1.6 (29.1)";"4.6 (40.3)";"9.7 (49.5)";"13.7 (56.7)";"16.5 (61.7)";"15.8 (60.4)";"11.0 (51.8)";"5.2 (41.4)";"-2.4 (27.7)";"-6.8 (19.8)"
"101";"Canada";"Edmonton";"-10.4 (13.3)";"-7.6 (18.3)";"-2.5 (27.5)";"5.4 (41.7)";"11.5 (52.7)";"15.5 (59.9)";"17.7 (63.9)";"16.9 (62.4)";"11.4 (52.5)";"5.1 (41.2)";"-4.1 (24.6)";"-8.8 (16.2)"
"102";"Canada";"Gjoa Haven";"-33.8 (-28.8)";"-34.0 (-29.2)";"-28.9 (-20.0)";"-20.4 (-4.7)";"-9.4 (15.1)";"1.4 (34.5)";"8.0 (46.4)";"5.8 (42.4)";"0.1 (32.2)";"-9.5 (14.9)";"-22.4 (-8.3)";"-29.9 (-21.8)"
"103";"Canada";"Halifax";"-4.1 (24.6)";"-3.6 (25.5)";"-0.2 (31.6)";"4.9 (40.8)";"10.1 (50.2)";"15.2 (59.4)";"18.8 (65.8)";"19.1 (66.4)";"15.5 (59.9)";"9.9 (49.8)";"4.8 (40.6)";"-0.8 (30.6)"
"104";"Canada";"Iqaluit";"-26.9 (-16.4)";"-27.5 (-17.5)";"-23.2 (-9.8)";"-14.2 (6.4)";"-4.4 (24.1)";"3.6 (38.5)";"8.2 (46.8)";"7.1 (44.8)";"2.6 (36.7)";"-3.7 (25.3)";"-12.0 (10.4)";"-21.3 (-6.3)"
"105";"Canada";"Moncton";"-8.2 (17.2)";"-7.0 (19.4)";"-2.3 (27.9)";"4.2 (39.6)";"10.7 (51.3)";"16.0 (60.8)";"19.5 (67.1)";"19.0 (66.2)";"14.5 (58.1)";"8.3 (46.9)";"2.5 (36.5)";"-4.3 (24.3)"
"106";"Canada";"Montreal";"-9.7 (14.5)";"-7.7 (18.1)";"-2.0 (28.4)";"6.4 (43.5)";"13.4 (56.1)";"18.6 (65.5)";"21.2 (70.2)";"20.1 (68.2)";"15.5 (59.9)";"8.5 (47.3)";"2.1 (35.8)";"-5.4 (22.3)"
"107";"Canada";"Ottawa";"-10.2 (13.6)";"-7.9 (17.8)";"-2.2 (28.0)";"6.5 (43.7)";"13.5 (56.3)";"18.7 (65.7)";"21.2 (70.2)";"19.9 (67.8)";"15.3 (59.5)";"8.4 (47.1)";"2.0 (35.6)";"-5.6 (21.9)"
"108";"Canada";"Saskatoon";"-13.9 (7.0)";"-11.4 (11.5)";"-4.9 (23.2)";"5.2 (41.4)";"11.8 (53.2)";"16.1 (61.0)";"19.0 (66.2)";"18.2 (64.8)";"12.0 (53.6)";"4.4 (39.9)";"-5.2 (22.6)";"-12.4 (9.7)"
"109";"Canada";"St. John's";"-4.5 (23.9)";"-4.9 (23.2)";"-2.6 (27.3)";"1.9 (35.4)";"6.4 (43.5)";"10.9 (51.6)";"15.8 (60.4)";"16.1 (61.0)";"12.4 (54.3)";"7.4 (45.3)";"3.0 (37.4)";"-1.5 (29.3)"
"110";"Canada";"Toronto";"-3.7 (25.3)";"-2.6 (27.3)";"1.4 (34.5)";"7.9 (46.2)";"14.1 (57.4)";"19.4 (66.9)";"22.3 (72.1)";"21.5 (70.7)";"17.2 (63.0)";"10.7 (51.3)";"4.9 (40.8)";"-0.5 (31.1)"
"111";"Canada";"Vancouver";"4.1 (39.4)";"4.9 (40.8)";"6.9 (44.4)";"9.4 (48.9)";"12.8 (55.0)";"15.7 (60.3)";"18.0 (64.4)";"18.0 (64.4)";"14.9 (58.8)";"10.3 (50.5)";"6.3 (43.3)";"3.6 (38.5)"
"112";"Canada";"Winnipeg";"-16.4 (2.5)";"-13.2 (8.2)";"-5.8 (21.6)";"4.4 (39.9)";"11.6 (52.9)";"17.0 (62.6)";"19.7 (67.5)";"18.8 (65.8)";"12.7 (54.9)";"5.0 (41.0)";"-4.9 (23.2)";"-13.2 (8.2)"
"113";"Canada";"Whitehorse";"-15.2 (4.6)";"-12.7 (9.1)";"-6.3 (20.7)";"1.0 (33.8)";"7.3 (45.1)";"12.3 (54.1)";"14.3 (57.7)";"12.6 (54.7)";"7.2 (45.0)";"0.5 (32.9)";"-9.4 (15.1)";"-12.5 (9.5)"
"114";"Canada";"Yellowknife";"-25.6 (-14.1)";"-22.9 (-9.2)";"-16.8 (1.8)";"-5.3 (22.5)";"4.6 (40.3)";"13.3 (55.9)";"17.0 (62.6)";"14.2 (57.6)";"7.2 (45.0)";"-1.7 (28.9)";"-13.7 (7.3)";"-21.8 (-7.2)"
"115";"Costa Rica";"San Jose";"22.6 (72.7)";"23.0 (73.4)";"23.5 (74.3)";"23.7 (74.7)";"22.9 (73.2)";"22.5 (72.5)";"22.6 (72.7)";"22.4 (72.3)";"22.0 (71.6)";"21.8 (71.2)";"21.9 (71.4)";"22.3 (72.1)"
"116";"Cuba";"Havana";"22.2 (72.0)";"22.4 (72.3)";"23.7 (74.7)";"24.8 (76.6)";"26.1 (79.0)";"27.0 (80.6)";"27.6 (81.7)";"27.9 (82.2)";"27.4 (81.3)";"26.1 (79.0)";"24.5 (76.1)";"23.0 (73.4)"
"117";"Vietnam";"Willemstad";"26.6 (79.9)";"26.7 (80.1)";"27.2 (81.0)";"27.8 (82.0)";"28.4 (83.1)";"28.6 (83.5)";"28.5 (83.3)";"28.9 (84.0)";"29.1 (84.4)";"28.6 (83.5)";"28.0 (82.4)";"27.2 (81.0)"
"118";"Dominican Republic";"Santo Domingo";"24.4 (75.9)";"24.4 (75.9)";"24.9 (76.8)";"25.6 (78.1)";"26.3 (79.3)";"26.9 (80.4)";"27.0 (80.6)";"27.1 (80.8)";"27.0 (80.6)";"26.7 (80.1)";"26.0 (78.8)";"24.9 (76.8)"
"119";"Mexico";"Cabo San Lucas";"19.2 (66.6)";"19.3 (66.7)";"20.2 (68.4)";"22.2 (72.0)";"23.8 (74.8)";"25.3 (77.5)";"28.1 (82.6)";"29.0 (84.2)";"28.4 (83.1)";"26.7 (80.1)";"23.5 (74.3)";"20.6 (69.1)"
"120";"Mexico";"Chihuahua";"10.0 (50.0)";"12.9 (55.2)";"15.7 (60.3)";"19.2 (66.6)";"23.6 (74.5)";"26.3 (79.3)";"25.6 (78.1)";"24.3 (75.7)";"22.6 (72.7)";"18.7 (65.7)";"13.7 (56.7)";"10.3 (50.5)"
"121";"Mexico";"Guadalajara";"17.1 (62.8)";"18.4 (65.1)";"20.7 (69.3)";"22.8 (73.0)";"24.5 (76.1)";"23.9 (75.0)";"22.0 (71.6)";"21.9 (71.4)";"21.8 (71.2)";"21.0 (69.8)";"19.2 (66.6)";"17.5 (63.5)"
"122";"Mexico";"La Paz";"17.4 (63.3)";"18.1 (64.6)";"19.7 (67.5)";"22.1 (71.8)";"24.5 (76.1)";"27.1 (80.8)";"29.7 (85.5)";"30.2 (86.4)";"29.3 (84.7)";"26.2 (79.2)";"22.0 (71.6)";"18.6 (65.5)"
"123";"Mexico";"Mexicali";"13.1 (55.6)";"15.3 (59.5)";"18.0 (64.4)";"21.3 (70.3)";"25.8 (78.4)";"30.5 (86.9)";"33.9 (93.0)";"33.5 (92.3)";"30.4 (86.7)";"24.3 (75.7)";"17.5 (63.5)";"13.1 (55.6)"
"124";"Mexico";"Mexico City";"14.6 (58.3)";"15.9 (60.6)";"18.1 (64.6)";"19.6 (67.3)";"20.0 (68.0)";"19.4 (66.9)";"18.2 (64.8)";"18.3 (64.9)";"18.0 (64.4)";"17.1 (62.8)";"16.3 (61.3)";"15.0 (59.0)"
"125";"Mexico";"Monterrey";"14.4 (57.9)";"16.6 (61.9)";"20 (68)";"23.4 (74.1)";"26.2 (79.2)";"27.9 (82.2)";"28.6 (83.5)";"28.5 (83.3)";"26.2 (79.2)";"22.4 (72.3)";"18.4 (65.1)";"15.1 (59.2)"
"126";"Mexico";"Tijuana";"13.6 (56.5)";"14.3 (57.7)";"14.8 (58.6)";"16.1 (61.0)";"18.0 (64.4)";"19.8 (67.6)";"22.2 (72.0)";"22.8 (73.0)";"22.0 (71.6)";"19.5 (67.1)";"16.6 (61.9)";"14.0 (57.2)"
"127";"Mexico";"Toluca";"8.9 (48.0)";"10.1 (50.2)";"11.8 (53.2)";"13.5 (56.3)";"14.7 (58.5)";"14.8 (58.6)";"14.0 (57.2)";"14.0 (57.2)";"13.9 (57.0)";"12.4 (54.3)";"10.8 (51.4)";"9.5 (49.1)"
"128";"Mexico";"Veracruz";"21.5 (70.7)";"21.9 (71.4)";"24.0 (75.2)";"25.8 (78.4)";"27.8 (82.0)";"28.1 (82.6)";"27.5 (81.5)";"27.6 (81.7)";"27.2 (81.0)";"26.2 (79.2)";"24.2 (75.6)";"22.6 (72.7)"
"129";"Mexico";"Villahermosa";"23.6 (74.5)";"24.5 (76.1)";"26.6 (79.9)";"28.5 (83.3)";"29.6 (85.3)";"29.3 (84.7)";"28.9 (84.0)";"28.9 (84.0)";"28.4 (83.1)";"27.1 (80.8)";"25.7 (78.3)";"24.1 (75.4)"
"130";"USA";"Albuquerque";"2.4 (36.4)";"5.2 (41.4)";"8.9 (48.1)";"13.3 (56.0)";"18.7 (65.6)";"23.8 (74.9)";"25.7 (78.3)";"24.6 (76.2)";"20.7 (69.3)";"14.2 (57.5)";"7.2 (44.9)";"2.4 (36.3)"
"131";"USA";"Anchorage";"-8.3 (17.1)";"-6.6 (20.2)";"-3.0 (26.6)";"2.7 (36.8)";"8.8 (47.8)";"12.9 (55.2)";"14.9 (58.8)";"13.7 (56.7)";"9.2 (48.6)";"1.6 (34.8)";"-5.4 (22.2)";"-7.2 (19.0)"
"132";"USA";"Atlanta";"6.4 (43.5)";"8.6 (47.4)";"12.6 (54.6)";"16.7 (62.1)";"21.3 (70.3)";"25.2 (77.4)";"26.9 (80.4)";"26.4 (79.5)";"23.1 (73.5)";"17.4 (63.4)";"12.3 (54.1)";"7.5 (45.5)"
"133";"USA";"Austin";"10.8 (51.5)";"12.8 (55.0)";"16.5 (61.7)";"20.7 (69.2)";"24.8 (76.6)";"27.9 (82.2)";"29.4 (85.0)";"29.9 (85.8)";"26.7 (80.0)";"21.8 (71.2)";"16.1 (61.0)";"11.4 (52.5)"
"134";"USA";"Baltimore";"0.8 (33.5)";"2.4 (36.4)";"6.8 (44.2)";"12.4 (54.3)";"17.6 (63.6)";"22.8 (73.0)";"25.3 (77.6)";"24.3 (75.7)";"20.2 (68.4)";"13.7 (56.7)";"8.3 (47.0)";"2.9 (37.3)"
"135";"USA";"Boise";"-0.4 (31.3)";"2.5 (36.5)";"6.9 (44.5)";"10.4 (50.8)";"15.1 (59.1)";"19.7 (67.5)";"24.3 (75.8)";"23.7 (74.7)";"18.3 (64.9)";"11.6 (52.8)";"4.4 (40.0)";"-0.7 (30.7)"
"136";"USA";"Boston";"-1.5 (29.3)";"0.0 (32.0)";"3.7 (38.6)";"9.1 (48.4)";"14.6 (58.2)";"20.0 (68.0)";"23.2 (73.7)";"22.4 (72.4)";"18.4 (65.2)";"12.4 (54.3)";"7.2 (45.0)";"1.7 (35.0)"
"137";"USA";"Charlotte";"5.1 (41.2)";"7.2 (45.0)";"11.3 (52.3)";"15.8 (60.5)";"20.3 (68.5)";"24.7 (76.4)";"26.4 (79.6)";"25.8 (78.4)";"22.2 (71.9)";"16.3 (61.3)";"11.1 (51.9)";"6.3 (43.4)"
"138";"USA";"Chicago";"-4.6 (23.7)";"-2.4 (27.7)";"3.2 (37.7)";"9.4 (48.9)";"15.0 (59.0)";"20.5 (68.9)";"23.3 (73.9)";"22.4 (72.3)";"18.1 (64.5)";"11.4 (52.5)";"4.6 (40.3)";"-2.4 (27.7)"
"139";"USA";"Columbus";"-1.6 (29.2)";"0.2 (32.4)";"5.3 (41.5)";"11.5 (52.7)";"16.8 (62.2)";"21.8 (71.2)";"23.8 (74.9)";"23.1 (73.6)";"19.1 (66.4)";"12.6 (54.7)";"6.7 (44.0)";"0.6 (33.1)"
"140";"USA";"Dallas";"7.7 (45.9)";"9.9 (49.9)";"14.2 (57.6)";"18.6 (65.5)";"23.3 (73.9)";"27.4 (81.4)";"29.7 (85.5)";"29.8 (85.7)";"25.6 (78.1)";"19.8 (67.6)";"13.7 (56.6)";"8.4 (47.2)"
"141";"USA";"Denver";"-0.3 (31.4)";"0.8 (33.4)";"4.8 (40.7)";"8.9 (48.0)";"14.2 (57.6)";"19.7 (67.4)";"23.4 (74.1)";"22.3 (72.1)";"17.3 (63.2)";"10.4 (50.7)";"3.8 (38.9)";"-0.9 (30.3)"
"142";"USA";"Detroit";"-3.7 (25.3)";"-2.3 (27.9)";"2.7 (36.9)";"9.4 (49.0)";"15.2 (59.4)";"20.7 (69.2)";"23.0 (73.4)";"22.1 (71.8)";"17.9 (64.2)";"11.2 (52.2)";"5.2 (41.3)";"-1.2 (29.9)"
"143";"USA";"El Paso";"7.3 (45.2)";"10.1 (50.2)";"13.7 (56.7)";"18.2 (64.7)";"23.3 (74.0)";"27.7 (81.8)";"28.2 (82.8)";"27.3 (81.1)";"24.1 (75.4)";"18.4 (65.2)";"11.7 (53.1)";"7.2 (44.9)"
"144";"USA";"Fairbanks";"-21.9 (-7.5)";"-18.3 (-0.9)";"-11.2 (11.8)";"0.5 (32.9)";"9.9 (49.8)";"16.0 (60.8)";"17.1 (62.8)";"13.6 (56.5)";"7.3 (45.2)";"-4.2 (24.4)";"-16.2 (2.9)";"-19.8 (-3.7)"
"145";"USA";"Fresno";"8.1 (46.6)";"10.8 (51.5)";"13.7 (56.6)";"16.7 (62.0)";"21.2 (70.1)";"25.1 (77.2)";"28.3 (83.0)";"27.6 (81.7)";"24.6 (76.2)";"19.0 (66.2)";"12.4 (54.3)";"8.1 (46.5)"
"146";"USA";"Houston";"11.5 (52.7)";"13.3 (56.0)";"16.9 (62.4)";"20.7 (69.2)";"24.8 (76.6)";"27.7 (81.9)";"28.9 (84.0)";"29.0 (84.2)";"26.3 (79.4)";"21.7 (71.1)";"16.6 (61.9)";"12.3 (54.1)"
"147";"USA";"Indianapolis";"-2.2 (28.1)";"0.1 (32.2)";"5.7 (42.3)";"11.8 (53.2)";"17.2 (62.9)";"22.3 (72.2)";"24.2 (75.5)";"23.5 (74.3)";"19.5 (67.1)";"12.9 (55.2)";"6.6 (43.8)";"-0.1 (31.8)"
"148";"USA";"Jacksonville";"11.7 (53.1)";"13.6 (56.4)";"16.5 (61.7)";"19.4 (66.9)";"23.4 (74.1)";"26.7 (80.0)";"27.9 (82.3)";"27.6 (81.7)";"25.7 (78.2)";"21.3 (70.4)";"16.8 (62.2)";"12.9 (55.2)"
"149";"USA";"Kansas City";"-1.8 (28.8)";"0.8 (33.5)";"6.8 (44.2)";"12.7 (54.8)";"18.1 (64.5)";"23.1 (73.5)";"25.7 (78.3)";"25.0 (77.0)";"20.1 (68.1)";"13.5 (56.3)";"6.4 (43.6)";"-0.3 (31.4)"
"150";"USA";"Las Vegas";"8.8 (47.8)";"11.1 (52.0)";"15.0 (59.0)";"19.1 (66.4)";"24.7 (76.5)";"29.9 (85.8)";"33.2 (91.7)";"32.1 (89.8)";"27.6 (81.7)";"20.4 (68.7)";"13.1 (55.6)";"8.2 (46.8)"
"151";"USA";"Lake Havasu City";"12.2 (54.0)";"14.6 (58.3)";"18.1 (64.5)";"22.4 (72.4)";"27.9 (82.2)";"32.7 (90.9)";"36.1 (96.9)";"35.5 (95.9)";"31.3 (88.3)";"24.1 (75.3)";"17.0 (62.6)";"11.7 (53.0)"
"152";"USA";"Los Angeles";"14.4 (58.0)";"14.9 (58.9)";"15.9 (60.6)";"17.3 (63.1)";"18.8 (65.8)";"20.7 (69.2)";"22.9 (73.3)";"23.5 (74.3)";"22.8 (73.1)";"20.3 (68.6)";"16.9 (62.4)";"14.2 (57.6)"
"153";"USA";"Louisville";"1.1 (34.0)";"3.3 (37.9)";"8.3 (46.9)";"13.9 (57.0)";"18.9 (66.1)";"23.7 (74.6)";"25.7 (78.2)";"25.2 (77.3)";"21.1 (70.0)";"14.8 (58.6)";"8.7 (47.7)";"2.7 (36.9)"
"154";"USA";"Memphis";"5.2 (41.3)";"7.5 (45.5)";"12.2 (54.0)";"17.2 (63.0)";"22.1 (71.7)";"26.4 (79.6)";"28.2 (82.7)";"27.8 (82.1)";"24.0 (75.2)";"17.8 (64.1)";"11.8 (53.2)";"6.4 (43.6)"
"155";"USA";"Miami";"19.9 (67.9)";"21.1 (70.0)";"22.4 (72.4)";"24.2 (75.6)";"26.5 (79.7)";"28.1 (82.5)";"28.8 (83.9)";"28.9 (84.0)";"28.2 (82.7)";"26.4 (79.6)";"23.7 (74.7)";"21.2 (70.2)"
"156";"USA";"Milwaukee";"-5.2 (22.6)";"-3.2 (26.3)";"1.9 (35.4)";"7.8 (46.0)";"13.3 (56.0)";"19.2 (66.6)";"22.3 (72.1)";"21.7 (71.0)";"17.4 (63.3)";"10.9 (51.6)";"4.1 (39.3)";"-2.9 (26.8)"
"157";"USA";"Minneapolis";"-9.1 (15.6)";"-6.2 (20.8)";"0.4 (32.7)";"8.6 (47.5)";"15.1 (59.1)";"20.4 (68.7)";"23.2 (73.7)";"21.7 (71.1)";"16.7 (62.0)";"9.4 (48.9)";"0.9 (33.7)";"-6.8 (19.7)"
"158";"USA";"Nashville";"3.4 (38.1)";"5.7 (42.2)";"10.3 (50.5)";"15.3 (59.5)";"20.0 (68.0)";"24.6 (76.2)";"26.6 (79.9)";"26.2 (79.2)";"22.2 (72.0)";"16.0 (60.8)";"10.2 (50.3)";"4.9 (40.9)"
"159";"USA";"New Orleans";"11.6 (52.9)";"13.4 (56.2)";"16.8 (62.2)";"20.3 (68.6)";"24.6 (76.2)";"27.2 (81.0)";"28.2 (82.8)";"28.2 (82.8)";"26.2 (79.2)";"21.6 (70.8)";"16.8 (62.2)";"12.9 (55.2)"
"160";"USA";"New York City";"0.6 (33.0)";"2.1 (35.7)";"6.1 (42.9)";"11.9 (53.4)";"17.1 (62.8)";"22.1 (71.8)";"24.9 (76.9)";"24.3 (75.7)";"20.2 (68.4)";"14.1 (57.3)";"8.9 (48.1)";"3.3 (37.9)"
"161";"USA";"Oklahoma City";"3.6 (38.4)";"6.1 (42.9)";"10.7 (51.3)";"15.6 (60.1)";"20.6 (69.0)";"25.1 (77.1)";"27.8 (82.1)";"27.6 (81.6)";"22.8 (73.1)";"16.5 (61.7)";"9.9 (49.9)";"4.3 (39.7)"
"162";"USA";"Omaha";"-4.6 (23.7)";"-2.1 (28.3)";"4.2 (39.5)";"10.9 (51.7)";"16.9 (62.5)";"22.3 (72.2)";"24.8 (76.7)";"23.7 (74.6)";"18.8 (65.9)";"11.8 (53.3)";"3.8 (38.9)";"-3.3 (26.1)"
"163";"USA";"Palm Springs";"16.3 (61.3)";"18.1 (64.5)";"20.7 (69.2)";"23.7 (74.6)";"26.8 (80.3)";"30.7 (87.3)";"33.8 (92.8)";"33.6 (92.5)";"30.5 (86.9)";"24.9 (76.8)";"19.2 (66.6)";"15.7 (60.2)"
"164";"USA";"Philadelphia";"0.5 (32.9)";"2.0 (35.6)";"6.4 (43.5)";"12.2 (54.0)";"17.7 (63.8)";"22.9 (73.2)";"25.6 (78.1)";"24.7 (76.5)";"20.6 (69.1)";"14.2 (57.5)";"8.7 (47.6)";"3.0 (37.4)"
"165";"USA";"Phoenix";"13.6 (56.5)";"15.4 (59.8)";"18.5 (65.3)";"22.7 (72.8)";"27.8 (82.1)";"32.7 (90.9)";"34.9 (94.8)";"34.2 (93.6)";"31.3 (88.4)";"24.8 (76.7)";"17.9 (64.2)";"13.1 (55.5)"
"166";"USA";"Pittsburgh";"-1.9 (28.5)";"-0.4 (31.3)";"4.3 (39.8)";"10.6 (51.1)";"15.7 (60.2)";"20.5 (68.9)";"22.7 (72.8)";"22.0 (71.6)";"17.9 (64.3)";"11.6 (52.9)";"6.2 (43.1)";"0.3 (32.5)"
"167";"USA";"Portland (OR)";"5.2 (41.4)";"6.6 (43.8)";"8.9 (48.1)";"11.3 (52.3)";"14.6 (58.3)";"17.6 (63.6)";"20.7 (69.2)";"20.9 (69.6)";"18.1 (64.5)";"12.7 (54.9)";"8.1 (46.6)";"4.7 (40.4)"
"168";"USA";"Sacramento";"8.1 (46.6)";"10.6 (51.1)";"12.7 (54.9)";"15.0 (59.0)";"18.8 (65.8)";"22.1 (71.7)";"24.2 (75.5)";"23.8 (74.9)";"22.1 (71.7)";"17.9 (64.2)";"11.9 (53.5)";"8.0 (46.4)"
"169";"USA";"Salt Lake City";"-1.3 (29.6)";"1.3 (34.3)";"6.6 (43.8)";"10.4 (50.7)";"15.5 (59.9)";"21.1 (69.9)";"26.1 (78.9)";"25.1 (77.2)";"19.1 (66.3)";"11.8 (53.2)";"4.6 (40.2)";"-0.8 (30.5)"
"170";"USA";"San Antonio";"11.0 (51.8)";"13.1 (55.6)";"16.8 (62.2)";"20.8 (69.5)";"25.0 (77.0)";"28.1 (82.5)";"29.3 (84.7)";"29.7 (85.4)";"26.6 (79.8)";"21.8 (71.3)";"16.2 (61.2)";"11.6 (52.9)"
"171";"USA";"San Diego";"14.2 (57.6)";"14.7 (58.4)";"15.5 (59.9)";"16.8 (62.3)";"18.1 (64.5)";"19.4 (67.0)";"21.4 (70.5)";"22.2 (72.0)";"21.7 (71.0)";"19.6 (67.2)";"16.6 (61.8)";"13.9 (57.1)"
"172";"USA";"San Francisco";"11.2 (52.1)";"12.6 (54.7)";"13.3 (56.0)";"13.9 (57.1)";"14.7 (58.5)";"15.8 (60.5)";"16.3 (61.3)";"16.9 (62.5)";"17.5 (63.5)";"16.8 (62.3)";"14.1 (57.4)";"11.4 (52.5)"
"173";"USA";"San Jose";"10.8 (51.5)";"12.5 (54.5)";"13.8 (56.9)";"15.2 (59.3)";"17.8 (64.0)";"20.2 (68.3)";"21.6 (70.9)";"21.8 (71.2)";"20.7 (69.2)";"17.9 (64.3)";"13.9 (57.0)";"10.6 (51.1)"
"174";"USA";"Seattle";"5.4 (41.8)";"6.2 (43.2)";"7.9 (46.3)";"10.1 (50.2)";"13.2 (55.8)";"15.9 (60.7)";"18.6 (65.5)";"18.8 (65.9)";"16.2 (61.1)";"11.4 (52.6)";"7.4 (45.3)";"4.7 (40.4)"
"175";"USA";"St. Louis";"-0.1 (31.8)";"2.4 (36.3)";"7.9 (46.3)";"14.1 (57.3)";"19.3 (66.8)";"24.4 (75.9)";"26.7 (80.0)";"25.9 (78.6)";"21.3 (70.4)";"14.8 (58.7)";"8.2 (46.8)";"1.6 (34.8)"
"176";"USA";"Tampa";"15.9 (60.6)";"17.3 (63.2)";"19.5 (67.1)";"22.1 (71.7)";"25.7 (78.2)";"27.8 (82.0)";"28.2 (82.8)";"28.3 (83.0)";"27.5 (81.5)";"24.4 (76.0)";"20.6 (69.0)";"17.2 (63.0)"
"177";"USA";"Tucson";"11.6 (52.9)";"13.1 (55.6)";"15.8 (60.5)";"19.7 (67.4)";"24.6 (76.3)";"29.6 (85.2)";"30.8 (87.4)";"29.8 (85.7)";"27.7 (81.9)";"21.9 (71.4)";"15.6 (60.1)";"11.3 (52.3)"
"178";"USA";"Virginia Beach";"4.9 (40.8)";"6.1 (43.0)";"9.8 (49.7)";"14.8 (58.6)";"19.4 (67.0)";"24.3 (75.7)";"26.7 (80.0)";"25.7 (78.3)";"22.6 (72.6)";"16.9 (62.4)";"11.8 (53.2)";"6.9 (44.5)"
"179";"USA";"Washington, D.C.";"2.3 (36.1)";"3.9 (39.1)";"8.3 (46.9)";"13.8 (56.9)";"18.9 (66.1)";"24.1 (75.3)";"26.6 (79.8)";"25.7 (78.2)";"21.7 (71.1)";"15.3 (59.6)";"9.8 (49.6)";"4.3 (39.8)"
"180";"USA";"Wichita";"0.1 (32.2)";"2.9 (37.2)";"8.1 (46.5)";"13.4 (56.1)";"18.9 (66.0)";"24.3 (75.8)";"27.3 (81.1)";"26.7 (80.0)";"21.7 (71.0)";"14.6 (58.3)";"7.4 (45.4)";"0.9 (33.7)"
"181";"Australia";"Adelaide";"23.2 (73.8)";"23.3 (73.9)";"20.9 (69.6)";"17.6 (63.7)";"13.5 (56.3)";"12.1 (53.8)";"11.4 (52.5)";"12.4 (54.3)";"14.4 (57.9)";"16.7 (62.1)";"19.7 (67.5)";"21.3 (70.3)"
"182";"Australia";"Alice Springs";"28 (82)";"27 (81)";"25 (77)";"20 (68)";"15 (59)";"12 (54)";"11 (52)";"14 (57)";"18 (64)";"22 (72)";"25 (77)";"27 (81)"
"183";"Australia";"Brisbane";"25.8 (78.4)";"25.7 (78.3)";"24.5 (76.1)";"22.3 (72.1)";"19.1 (66.4)";"16.8 (62.2)";"16.0 (60.8)";"17.0 (62.6)";"19.7 (67.5)";"21.7 (71.1)";"23.5 (74.3)";"24.8 (76.6)"
"184";"Australia";"Cairns";"27 (81)";"27 (81)";"26 (79)";"25 (77)";"23 (73)";"21 (70)";"21 (70)";"22 (72)";"23 (73)";"25 (77)";"26 (79)";"27 (81)"
"185";"Australia";"Canberra";"20.6 (69.1)";"20.1 (68.2)";"17.6 (63.7)";"13.4 (56.1)";"9.4 (48.9)";"6.7 (44.1)";"5.7 (42.3)";"7.0 (44.6)";"9.8 (49.6)";"12.8 (55.0)";"15.8 (60.4)";"18.8 (65.8)"
"186";"Australia";"Dampier";"31.0 (87.8)";"31.3 (88.3)";"30.9 (87.6)";"28.6 (83.5)";"24.1 (75.4)";"20.9 (69.6)";"19.8 (67.6)";"21.2 (70.2)";"23.7 (74.7)";"26.2 (79.2)";"28.3 (82.9)";"30.2 (86.4)"
"187";"Australia";"Darwin";"28.3 (82.9)";"28.1 (82.6)";"28.3 (82.9)";"28.4 (83.1)";"27.1 (80.8)";"25.3 (77.5)";"25.0 (77.0)";"25.9 (78.6)";"27.8 (82.0)";"29.1 (84.4)";"29.3 (84.7)";"29.0 (84.2)"
"188";"Australia";"Hobart";"16.8 (62.2)";"16.9 (62.4)";"15.6 (60.1)";"13.2 (55.8)";"10.8 (51.4)";"8.6 (47.5)";"8.2 (46.8)";"9.2 (48.6)";"10.8 (51.4)";"12.4 (54.3)";"14.0 (57.2)";"15.6 (60.1)"
"189";"Australia";"Melbourne";"20.1 (68.2)";"20.2 (68.4)";"18.6 (65.5)";"15.6 (60.1)";"12.7 (54.9)";"10.5 (50.9)";"9.8 (49.6)";"10.9 (51.6)";"12.7 (54.9)";"14.7 (58.5)";"16.6 (61.9)";"18.6 (65.5)"
"190";"Australia";"Perth";"24.5 (76.1)";"24.9 (76.8)";"23.1 (73.6)";"19.7 (67.5)";"16.5 (61.7)";"14.0 (57.2)";"13.0 (55.4)";"13.5 (56.3)";"14.8 (58.6)";"17.3 (63.1)";"20.3 (68.5)";"22.7 (72.9)"
"191";"Australia";"Sydney";"22.3 (72.1)";"22.3 (72.1)";"21.2 (70.2)";"18.5 (65.3)";"15.5 (59.9)";"13.1 (55.6)";"12.2 (54.0)";"13.4 (56.1)";"15.5 (59.9)";"17.8 (64.0)";"19.6 (67.3)";"21.3 (70.3)"
"192";"New Zealand";"Auckland";"19.1 (66.4)";"19.7 (67.5)";"18.4 (65.1)";"16.1 (61.0)";"14.0 (57.2)";"11.8 (53.2)";"10.9 (51.6)";"11.3 (52.3)";"12.7 (54.9)";"14.2 (57.6)";"15.7 (60.3)";"17.8 (64.0)"
"193";"New Zealand";"Christchurch";"17.5 (63.5)";"17.2 (63.0)";"15.5 (59.9)";"12.7 (54.9)";"9.8 (49.6)";"7.1 (44.8)";"6.6 (43.9)";"7.9 (46.2)";"10.3 (50.5)";"12.2 (54.0)";"14.1 (57.4)";"16.1 (61.0)"
"194";"New Zealand";"Dunedin";"15.3 (59.5)";"15.0 (59.0)";"13.7 (56.7)";"11.7 (53.1)";"9.3 (48.7)";"7.3 (45.1)";"6.6 (43.9)";"7.7 (45.9)";"9.5 (49.1)";"10.9 (51.6)";"12.4 (54.3)";"13.9 (57.0)"
"195";"New Zealand";"Hamilton";"18.4 (65.1)";"18.8 (65.8)";"17.1 (62.8)";"14.5 (58.1)";"11.9 (53.4)";"9.5 (49.1)";"8.9 (48.0)";"9.8 (49.6)";"11.6 (52.9)";"13.2 (55.8)";"14.9 (58.8)";"16.9 (62.4)"
"196";"New Zealand";"Lake Tekapo";"15.2 (59.4)";"14.8 (58.6)";"12.4 (54.3)";"9.2 (48.6)";"5.9 (42.6)";"2.6 (36.7)";"1.4 (34.5)";"3.6 (38.5)";"6.5 (43.7)";"8.8 (47.8)";"11.1 (52.0)";"13.2 (55.8)"
"197";"New Zealand";"Napier";"19.5 (67.1)";"19.4 (66.9)";"17.7 (63.9)";"15.0 (59.0)";"12.4 (54.3)";"10.0 (50.0)";"9.4 (48.9)";"10.3 (50.5)";"12.3 (54.1)";"14.3 (57.7)";"16.1 (61.0)";"18.4 (65.1)"
"198";"New Zealand";"Palmerston North";"17.8 (64.0)";"18.3 (64.9)";"16.4 (61.5)";"13.6 (56.5)";"11.4 (52.5)";"9.1 (48.4)";"8.6 (47.5)";"9.2 (48.6)";"11.0 (51.8)";"12.4 (54.3)";"13.8 (56.8)";"16.2 (61.2)"
"199";"New Zealand";"Tauranga";"19.4 (66.9)";"19.6 (67.3)";"18.0 (64.4)";"15.5 (59.9)";"13.2 (55.8)";"10.8 (51.4)";"10.2 (50.4)";"10.7 (51.3)";"12.3 (54.1)";"13.9 (57.0)";"15.8 (60.4)";"18.0 (64.4)"
"200";"New Zealand";"Wellington";"16.9 (62.4)";"17.2 (63.0)";"15.8 (60.4)";"13.7 (56.7)";"11.7 (53.1)";"9.7 (49.5)";"8.9 (48.0)";"9.4 (48.9)";"10.8 (51.4)";"12.0 (53.6)";"13.5 (56.3)";"15.4 (59.7)"
"201";"USA";"Honolulu";"22.9 (73.2)";"22.9 (73.2)";"23.7 (74.7)";"24.6 (76.3)";"25.6 (78.1)";"26.8 (80.2)";"27.4 (81.3)";"27.8 (82.0)";"27.6 (81.7)";"26.8 (80.2)";"25.4 (77.7)";"23.8 (74.8)"
"202";"Argentina";"Bahia Blanca";"23.6 (74.5)";"22.1 (71.8)";"19.4 (66.9)";"14.9 (58.8)";"11.1 (52.0)";"8.1 (46.6)";"7.5 (45.5)";"9.4 (48.9)";"11.6 (52.9)";"15.1 (59.2)";"18.7 (65.7)";"22.0 (71.6)"
"203";"Argentina";"Bariloche";"15.0 (59.0)";"14.8 (58.6)";"11.9 (53.4)";"7.9 (46.2)";"4.9 (40.8)";"2.9 (37.2)";"2.1 (35.8)";"3.0 (37.4)";"5.1 (41.2)";"8.0 (46.4)";"10.8 (51.4)";"13.5 (56.3)"
"204";"Argentina";"Buenos Aires";"24.9 (76.8)";"23.6 (74.5)";"21.9 (71.4)";"17.9 (64.2)";"14.5 (58.1)";"11.7 (53.1)";"11.0 (51.8)";"12.8 (55.0)";"14.6 (58.3)";"17.9 (64.2)";"20.7 (69.3)";"23.3 (73.9)"
"205";"Argentina";"Comodoro Rivadavia";"19.7 (67.5)";"18.8 (65.8)";"16.3 (61.3)";"13.1 (55.6)";"9.6 (49.3)";"6.9 (44.4)";"6.6 (43.9)";"7.9 (46.2)";"10.1 (50.2)";"13.0 (55.4)";"15.9 (60.6)";"18.2 (64.8)"
"206";"Argentina";"Cordoba";"24.9 (76.8)";"23.1 (73.6)";"21.7 (71.1)";"18.0 (64.4)";"14.5 (58.1)";"11.4 (52.5)";"10.8 (51.4)";"13.3 (55.9)";"15.7 (60.3)";"19.5 (67.1)";"21.8 (71.2)";"23.7 (74.7)"
"207";"Argentina";"Mar del Plata";"20.4 (68.7)";"19.8 (67.6)";"18.2 (64.8)";"14.5 (58.1)";"11.2 (52.2)";"8.4 (47.1)";"7.5 (45.5)";"8.8 (47.8)";"10.4 (50.7)";"13.3 (55.9)";"15.9 (60.6)";"18.5 (65.3)"
"208";"Argentina";"Mendoza";"25.5 (77.9)";"24.0 (75.2)";"21.3 (70.3)";"16.2 (61.2)";"11.8 (53.2)";"8.4 (47.1)";"7.9 (46.2)";"10.6 (51.1)";"13.9 (57.0)";"18.8 (65.8)";"22.2 (72.0)";"24.9 (76.8)"
"209";"Argentina";"Neuquen";"23.7 (74.7)";"22.3 (72.1)";"18.9 (66.0)";"13.4 (56.1)";"9.2 (48.6)";"6.6 (43.9)";"5.8 (42.4)";"8.1 (46.6)";"11.4 (52.5)";"15.6 (60.1)";"19.4 (66.9)";"22.4 (72.3)"
"210";"Argentina";"Resistencia";"26.8 (80.2)";"25.9 (78.6)";"24.6 (76.3)";"21.2 (70.2)";"17.6 (63.7)";"15.4 (59.7)";"14.8 (58.6)";"16.7 (62.1)";"18.5 (65.3)";"21.8 (71.2)";"23.6 (74.5)";"25.8 (78.4)"
"211";"Argentina";"Rio Gallegos";"13.8 (56.8)";"13.2 (55.8)";"10.8 (51.4)";"7.6 (45.7)";"4.2 (39.6)";"1.4 (34.5)";"1.2 (34.2)";"3.1 (37.6)";"5.7 (42.3)";"8.4 (47.1)";"11.1 (52.0)";"12.8 (55.0)"
"212";"Argentina";"Rosario";"24.6 (76.3)";"23.2 (73.8)";"21.4 (70.5)";"17.3 (63.1)";"13.8 (56.8)";"10.7 (51.3)";"10.0 (50.0)";"12.1 (53.8)";"14.5 (58.1)";"18.1 (64.6)";"21.0 (69.8)";"23.4 (74.1)"
"213";"Argentina";"Salta";"21.4 (70.5)";"20.3 (68.5)";"19.5 (67.1)";"16.6 (61.9)";"13.1 (55.6)";"10.6 (51.1)";"10.1 (50.2)";"12.7 (54.9)";"15.1 (59.2)";"19.1 (66.4)";"20.5 (68.9)";"21.5 (70.7)"
"214";"Argentina";"San Juan";"27.1 (80.8)";"25.5 (77.9)";"22.8 (73.0)";"17.2 (63.0)";"12.2 (54.0)";"8.3 (46.9)";"7.7 (45.9)";"10.6 (51.1)";"14.4 (57.9)";"19.8 (67.6)";"23.4 (74.1)";"26.3 (79.3)"
"215";"Argentina";"San Miguel de Tucuman";"25.2 (77.4)";"24.0 (75.2)";"22.6 (72.7)";"19.2 (66.6)";"15.7 (60.3)";"12.7 (54.9)";"12.2 (54.0)";"14.9 (58.8)";"17.8 (64.0)";"21.8 (71.2)";"23.4 (74.1)";"24.9 (76.8)"
"216";"Argentina";"Santiago del Estero";"26.7 (80.1)";"25.5 (77.9)";"23.8 (74.8)";"19.8 (67.6)";"16.1 (61.0)";"12.7 (54.9)";"12.2 (54.0)";"15.3 (59.5)";"18.5 (65.3)";"22.7 (72.9)";"24.8 (76.6)";"26.5 (79.7)"
"217";"Argentina";"Ushuaia";"9.6 (49.3)";"9.3 (48.7)";"7.7 (45.9)";"5.7 (42.3)";"3.2 (37.8)";"1.7 (35.1)";"1.3 (34.3)";"2.2 (36.0)";"4.1 (39.4)";"6.2 (43.2)";"7.8 (46.0)";"9.1 (48.4)"
"218";"Argentina";"Viedma";"22.1 (71.8)";"20.8 (69.4)";"18.3 (64.9)";"13.8 (56.8)";"9.9 (49.8)";"7.2 (45.0)";"6.6 (43.9)";"8.2 (46.8)";"10.5 (50.9)";"14.3 (57.7)";"17.7 (63.9)";"20.6 (69.1)"
"219";"Brazil";"Belem";"25.6 (78.1)";"25.4 (77.7)";"25.5 (77.9)";"25.6 (78.1)";"25.8 (78.4)";"26.0 (78.8)";"25.7 (78.3)";"26.0 (78.8)";"26.0 (78.8)";"26.4 (79.5)";"26.5 (79.7)";"26.2 (79.2)"
"220";"Brazil";"Belo Horizonte";"22.8 (73.0)";"23.0 (73.4)";"22.9 (73.2)";"21.7 (71.1)";"19.6 (67.3)";"18.5 (65.3)";"18.0 (64.4)";"19.7 (67.5)";"21.1 (70.0)";"21.7 (71.1)";"22.2 (72.0)";"22.2 (72.0)"
"221";"Brazil";"Brasilia";"21.2 (70.2)";"21.3 (70.3)";"21.5 (70.7)";"20.9 (69.6)";"19.6 (67.3)";"18.5 (65.3)";"18.3 (64.9)";"20.3 (68.5)";"21.7 (71.1)";"21.6 (70.9)";"21.1 (70.0)";"21.0 (69.8)"
"222";"Brazil";"Campos do Jordao";"17.3 (63.1)";"17.5 (63.5)";"16.7 (62.1)";"14.7 (58.5)";"11.9 (53.4)";"10.1 (50.2)";"9.5 (49.1)";"11.3 (52.3)";"13.4 (56.1)";"14.9 (58.8)";"15.9 (60.6)";"16.6 (61.9)"
"223";"Brazil";"Curitiba";"20.4 (68.7)";"20.6 (69.1)";"19.6 (67.3)";"17.2 (63.0)";"14.5 (58.1)";"13.1 (55.6)";"12.9 (55.2)";"14.1 (57.4)";"15.0 (59.0)";"16.5 (61.7)";"18.2 (64.8)";"19.3 (66.7)"
"224";"Brazil";"Florianopolis";"24.9 (76.8)";"25.1 (77.2)";"24.5 (76.1)";"22.2 (72.0)";"19.2 (66.6)";"17.2 (63.0)";"16.4 (61.5)";"17.0 (62.6)";"18.3 (64.9)";"20.3 (68.5)";"22.2 (72.0)";"24.0 (75.2)"
"225";"Brazil";"Fortaleza";"27.1 (80.8)";"26.9 (80.4)";"26.4 (79.5)";"26.2 (79.2)";"26.2 (79.2)";"25.8 (78.4)";"25.6 (78.1)";"26.0 (78.8)";"26.4 (79.5)";"26.9 (80.4)";"27.2 (81.0)";"27.3 (81.1)"
"226";"Brazil";"Goiania";"23.8 (74.8)";"23.8 (74.8)";"24.0 (75.2)";"23.6 (74.5)";"22.2 (72.0)";"20.9 (69.6)";"20.9 (69.6)";"23.0 (73.4)";"24.5 (76.1)";"24.6 (76.3)";"24.1 (75.4)";"23.5 (74.3)"
"227";"Brazil";"Manaus";"26.1 (79.0)";"25.9 (78.6)";"26.0 (78.8)";"26.2 (79.2)";"26.2 (79.2)";"26.4 (79.5)";"26.5 (79.7)";"27.3 (81.1)";"27.7 (81.9)";"27.7 (81.9)";"27.2 (81.0)";"26.6 (79.9)"
"228";"Brazil";"Porto Alegre";"24.6 (76.3)";"24.6 (76.3)";"23.1 (73.6)";"19.9 (67.8)";"16.9 (62.4)";"14.3 (57.7)";"14.4 (57.9)";"15.2 (59.4)";"16.8 (62.2)";"19.1 (66.4)";"21.2 (70.2)";"23.3 (73.9)"
"229";"Brazil";"Recife";"26.5 (79.7)";"26.5 (79.7)";"26.4 (79.5)";"25.9 (78.6)";"25.2 (77.4)";"24.5 (76.1)";"23.9 (75.0)";"23.9 (75.0)";"24.6 (76.3)";"25.5 (77.9)";"26.1 (79.0)";"26.4 (79.5)"
"230";"Brazil";"Rio de Janeiro";"26.3 (79.3)";"26.6 (79.9)";"26.0 (78.8)";"24.4 (75.9)";"22.8 (73.0)";"21.8 (71.2)";"21.3 (70.3)";"21.8 (71.2)";"22.2 (72.0)";"22.9 (73.2)";"24.0 (75.2)";"25.3 (77.5)"
"231";"Brazil";"Salvador";"26.4 (79.5)";"26.5 (79.7)";"26.6 (79.9)";"26.2 (79.2)";"25.2 (77.4)";"24.3 (75.7)";"23.7 (74.7)";"23.6 (74.5)";"24.3 (75.7)";"25.1 (77.2)";"25.5 (77.9)";"25.9 (78.6)"
"232";"Brazil";"Sao Joaquim";"16.8 (62.2)";"17.1 (62.8)";"15.9 (60.6)";"13.2 (55.8)";"11.4 (52.5)";"9.7 (49.5)";"9.8 (49.6)";"10.7 (51.3)";"12.0 (53.6)";"12.8 (55.0)";"14.4 (57.9)";"16.0 (60.8)"
"233";"Brazil";"Sao Paulo";"22.1 (71.8)";"22.4 (72.3)";"21.8 (71.2)";"19.7 (67.5)";"17.4 (63.3)";"16.3 (61.3)";"15.8 (60.4)";"17.1 (62.8)";"17.9 (64.2)";"19.0 (66.2)";"20.2 (68.4)";"21.1 (70.0)"
"234";"Brazil";"Vitoria";"26.9 (80.4)";"27.4 (81.3)";"27.1 (80.8)";"25.9 (78.6)";"24 (75)";"22.8 (73.0)";"22.4 (72.3)";"22.6 (72.7)";"23.2 (73.8)";"24.3 (75.7)";"24.9 (76.8)";"26 (79)"
"235";"Peru";"Cusco";"12.9 (55.2)";"12.7 (54.9)";"12.8 (55.0)";"12.7 (54.9)";"12.0 (53.6)";"11.4 (52.5)";"10.8 (51.4)";"11.5 (52.7)";"12.7 (54.9)";"13.6 (56.5)";"13.6 (56.5)";"13.2 (55.8)"
"236";"Peru";"Lima";"22.1 (71.8)";"22.7 (72.9)";"22.2 (72.0)";"20.6 (69.1)";"18.8 (65.8)";"17.5 (63.5)";"16.7 (62.1)";"16.2 (61.2)";"16.4 (61.5)";"17.3 (63.1)";"18.7 (65.7)";"20.7 (69.3)"
"237";"Peru";"Piura";"26.8 (80.2)";"27.8 (82.0)";"27.8 (82.0)";"26.6 (79.9)";"24.5 (76.1)";"22.9 (73.2)";"21.8 (71.2)";"21.9 (71.4)";"22.3 (72.1)";"22.9 (73.2)";"23.6 (74.5)";"25.2 (77.4)"
"238";"U.A.E";"Dubai";"18.7 (65.7)";"19.3 (66.7)";"22.3 (72.1)";"26.1 (79.0)";"29.9 (85.8)";"32.2 (90.0)";"34.4 (93.9)";"34.4 (93.9)";"32.1 (89.8)";"28.7 (83.7)";"24.3 (75.7)";"20.6 (69.1)"
"239";"Jordan";"Amman";"8.6 (47.4)";"9.6(49.3)";"12.8(55.1)";"17.1 (62.9)";"21.8(71.2)";"24.8 (76.7)";"26.8 (80.2)";"26.7 (80.1)";"24.8 (76.7)";"21.4 (70.5)";"15.2 (59.3)";"10.4 (50.6)"
"240";"Seychelles";"Victoria";"27.3 (81.2)";"28 (82.4)";"28.4 (83.1)";"28.7 (83.7)";"28.4 (83.1)";"27.4 81.3";"26.5 (79.8)";"26.6 (79.9)";"27.1 (80.8)";"27.5 (81.5)";"27.5 (81.5)";"27.6 (81.6)"
